{"stats":{"minecraft:killed_by":{"minecraft:player":5,"minecraft:zombie":9},"minecraft:mined":{"minecraft:lever":2,"minecraft:acacia_log":1,"minecraft:white_wool":15,"minecraft:poppy":1,"minecraft:dead_bush":211,"minecraft:light_gray_wool":1,"minecraft:sunflower":4,"minecraft:gravel":1,"minecraft:dirt":2,"minecraft:tripwire_hook":1,"minecraft:piston":5},"minecraft:custom":{"minecraft:mob_kills":161,"minecraft:open_shulker_box":7,"minecraft:bell_ring":125,"minecraft:leave_game":13,"minecraft:time_since_death":41098,"minecraft:climb_one_cm":10595,"minecraft:damage_resisted":74,"minecraft:sprint_one_cm":469258,"minecraft:walk_one_cm":2676589,"minecraft:drop":151,"minecraft:talked_to_villager":1,"minecraft:deaths":24,"minecraft:sneak_time":30809,"minecraft:walk_under_water_one_cm":112854,"minecraft:jump":4338,"minecraft:walk_on_water_one_cm":84464,"minecraft:play_one_minute":919261,"minecraft:sleep_in_bed":4,"minecraft:time_since_rest":42707,"minecraft:open_enderchest":1,"minecraft:damage_taken":10296,"minecraft:damage_absorbed":200,"minecraft:damage_dealt":3483,"minecraft:swim_one_cm":105957,"minecraft:fly_one_cm":2945925,"minecraft:player_kills":11,"minecraft:open_chest":26,"minecraft:crouch_one_cm":71934,"minecraft:aviate_one_cm":3994708,"minecraft:fall_one_cm":35642,"minecraft:inspect_dispenser":2,"minecraft:horse_one_cm":20850},"minecraft:used":{"minecraft:oak_fence":22,"minecraft:oak_trapdoor":76,"minecraft:nether_brick_fence":9,"minecraft:trident":25,"minecraft:jungle_leaves":18,"minecraft:iron_bars":18,"minecraft:acacia_log":10,"minecraft:flint_and_steel":21,"minecraft:oak_sign":12,"minecraft:ladder":7,"minecraft:black_carpet":17,"minecraft:chest":8,"minecraft:white_terracotta":36,"minecraft:stone":711,"minecraft:quartz_stairs":145,"minecraft:bell":9,"minecraft:rotten_flesh":4,"minecraft:netherrack":43,"minecraft:torch":5,"minecraft:light_gray_shulker_box":5,"minecraft:dirt":99,"minecraft:anvil":1,"minecraft:white_carpet":108,"minecraft:spruce_stairs":20,"minecraft:stone_stairs":13,"minecraft:spruce_fence":44,"minecraft:blue_concrete":15,"minecraft:nether_brick_stairs":7,"minecraft:birch_door":4,"minecraft:glass":29,"minecraft:stone_brick_slab":4,"minecraft:sea_lantern":2,"minecraft:quartz_pillar":1,"minecraft:red_wool":2,"minecraft:quartz_slab":129,"minecraft:grass_block":15,"minecraft:quartz_block":783,"minecraft:chicken_spawn_egg":15,"minecraft:item_frame":4,"minecraft:light_gray_wool":1,"minecraft:tripwire_hook":1,"minecraft:glowstone":66,"minecraft:red_carpet":2,"minecraft:redstone_lamp":16,"minecraft:bow":624,"minecraft:beef":1,"minecraft:wolf_spawn_egg":1,"minecraft:yellow_glazed_terracotta":2,"minecraft:gold_block":11,"minecraft:egg":293,"minecraft:cooked_beef":9,"minecraft:enchanted_golden_apple":1,"minecraft:cooked_mutton":7,"minecraft:chorus_fruit":1,"minecraft:oak_planks":73,"minecraft:ender_pearl":23,"minecraft:parrot_spawn_egg":1,"minecraft:diamond_axe":36,"minecraft:gold_ore":1,"minecraft:golden_apple":1,"minecraft:white_wool":58,"minecraft:rail":5,"minecraft:vine":3,"minecraft:crafting_table":1,"minecraft:black_banner":1,"minecraft:yellow_concrete":3,"minecraft:crossbow":88,"minecraft:white_bed":1,"minecraft:gray_concrete":142,"minecraft:lingering_potion":1,"minecraft:infested_stone_bricks":1,"minecraft:birch_fence":10,"minecraft:redstone_torch":27,"minecraft:oak_log":2,"minecraft:black_terracotta":16,"minecraft:piston":12,"minecraft:lever":27,"minecraft:firework_rocket":31,"minecraft:birch_fence_gate":39,"minecraft:stone_button":28,"minecraft:stone_slab":30,"minecraft:spruce_trapdoor":6,"minecraft:iron_door":1,"minecraft:gravel":169,"minecraft:blue_carpet":2,"minecraft:diamond_sword":1,"minecraft:coal_block":8,"minecraft:wooden_sword":61,"minecraft:cobblestone":63,"minecraft:potion":14,"minecraft:glass_pane":31,"minecraft:smooth_stone_slab":615,"minecraft:chest_minecart":1,"minecraft:white_concrete":1147,"minecraft:gray_wool":4,"minecraft:splash_potion":1},"minecraft:broken":{"minecraft:wooden_sword":1},"minecraft:killed":{"minecraft:witch":4,"minecraft:spider":1,"minecraft:horse":2,"minecraft:fox":6,"minecraft:chicken":4,"minecraft:wolf":1,"minecraft:parrot":1,"minecraft:pig":2,"minecraft:zombie":132},"minecraft:picked_up":{"minecraft:black_carpet":3,"minecraft:chainmail_boots":1,"minecraft:light_gray_shulker_box":6,"minecraft:lead":3,"minecraft:diamond_sword":1,"minecraft:diamond_horse_armor":1,"minecraft:potion":1,"minecraft:stone_brick_stairs":1,"minecraft:golden_sword":1,"minecraft:string":2,"minecraft:elytra":1,"minecraft:white_carpet":21,"minecraft:smooth_stone_slab":3,"minecraft:item_frame":1,"minecraft:diamond_leggings":1,"minecraft:poppy":1,"minecraft:light_gray_wool":1,"minecraft:quartz_stairs":1,"minecraft:piston":7,"minecraft:tipped_arrow":194,"minecraft:stick":1,"minecraft:acacia_log":1,"minecraft:porkchop":3,"minecraft:stone_button":2,"minecraft:golden_chestplate":1,"minecraft:quartz_block":2,"minecraft:stone_sword":1,"minecraft:arrow":26,"minecraft:rotten_flesh":137,"minecraft:glowstone":1,"minecraft:saddle":1,"minecraft:black_banner":1,"minecraft:white_wool":12,"minecraft:cobblestone":8,"minecraft:feather":1,"minecraft:cooked_beef":32,"minecraft:tripwire_hook":1,"minecraft:leather":2,"minecraft:potato":1,"minecraft:chainmail_chestplate":3,"minecraft:golden_boots":1,"minecraft:gunpowder":2,"minecraft:gray_concrete":1,"minecraft:dirt":2,"minecraft:cooked_mutton":63,"minecraft:bone":1,"minecraft:bow":8,"minecraft:wheat_seeds":76,"minecraft:bell":1,"minecraft:glass_bottle":1,"minecraft:oak_planks":2,"minecraft:oak_slab":1,"minecraft:cooked_porkchop":8,"minecraft:dandelion":3,"minecraft:gravel":1,"minecraft:grass_block":1,"minecraft:spectral_arrow":33,"minecraft:infested_stone_bricks":1,"minecraft:firework_rocket":32,"minecraft:lever":4,"minecraft:granite":2,"minecraft:diamond_axe":1},"minecraft:dropped":{"minecraft:nether_brick_stairs":1,"minecraft:oak_slab":1,"minecraft:piston":5,"minecraft:vine":1,"minecraft:wheat_seeds":43,"minecraft:cooked_beef":1,"minecraft:glass_bottle":2,"minecraft:yellow_concrete":1,"minecraft:sandstone_slab":1,"minecraft:red_wool":1,"minecraft:elytra":2,"minecraft:chainmail_helmet":1,"minecraft:grass_block":3,"minecraft:leather_helmet":1,"minecraft:red_carpet":1,"minecraft:dirt":1,"minecraft:gray_concrete":3,"minecraft:diorite":1,"minecraft:stone_button":1,"minecraft:torch":1,"minecraft:light_gray_shulker_box":3,"minecraft:zombie_head":1,"minecraft:blue_carpet":1,"minecraft:white_wool":1,"minecraft:stone_brick_slab":1,"minecraft:bone":1,"minecraft:lever":5,"minecraft:golden_chestplate":1,"minecraft:stone_sword":1,"minecraft:smooth_stone_slab":5,"minecraft:black_carpet":1,"minecraft:white_carpet":1,"minecraft:rotten_flesh":4,"minecraft:black_terracotta":2,"minecraft:oak_planks":2,"minecraft:blue_concrete":1,"minecraft:enchanted_golden_apple":1,"minecraft:cooked_mutton":126,"minecraft:stone_stairs":1,"minecraft:white_terracotta":1,"minecraft:oak_sign":1,"minecraft:red_terracotta":1,"minecraft:infested_stone_bricks":2,"minecraft:flint_and_steel":1,"minecraft:chainmail_chestplate":5,"minecraft:tipped_arrow":6,"minecraft:stone":1,"minecraft:shield":1,"minecraft:trident":1,"minecraft:spruce_trapdoor":2,"minecraft:coal_ore":1,"minecraft:quartz_block":1,"minecraft:quartz_stairs":3,"minecraft:glowstone":2,"minecraft:chainmail_boots":1,"minecraft:arrow":15,"minecraft:bow":9,"minecraft:stone_brick_stairs":1,"minecraft:quartz_slab":2}},"DataVersion":1963}