{"stats":{"minecraft:killed_by":{"minecraft:player":6,"minecraft:witch":1,"minecraft:zombie":6},"minecraft:custom":{"minecraft:mob_kills":464,"minecraft:inspect_hopper":17,"minecraft:interact_with_crafting_table":2,"minecraft:open_shulker_box":9,"minecraft:leave_game":40,"minecraft:time_since_death":11298,"minecraft:climb_one_cm":13174,"minecraft:damage_resisted":36,"minecraft:sprint_one_cm":1684560,"minecraft:walk_one_cm":3440212,"minecraft:drop":635,"minecraft:talked_to_villager":13,"minecraft:sneak_time":72880,"minecraft:deaths":47,"minecraft:walk_under_water_one_cm":148557,"minecraft:boat_one_cm":139578,"minecraft:jump":8992,"minecraft:walk_on_water_one_cm":153692,"minecraft:play_one_minute":1507946,"minecraft:sleep_in_bed":5,"minecraft:time_since_rest":11336,"minecraft:open_enderchest":9,"minecraft:damage_taken":62887,"minecraft:damage_absorbed":94,"minecraft:damage_dealt":51213,"minecraft:minecart_one_cm":880,"minecraft:player_kills":21,"minecraft:swim_one_cm":98583,"minecraft:fly_one_cm":5292195,"minecraft:open_chest":46,"minecraft:crouch_one_cm":247458,"minecraft:aviate_one_cm":1475843,"minecraft:inspect_dispenser":22,"minecraft:fall_one_cm":140014,"minecraft:horse_one_cm":176909},"minecraft:mined":{"minecraft:blue_carpet":1,"minecraft:lever":5,"minecraft:grass_block":405,"minecraft:brown_wool":2,"minecraft:redstone_ore":2,"minecraft:iron_ore":20,"minecraft:andesite":17,"minecraft:pumpkin":2,"minecraft:stone":1126,"minecraft:dandelion":1,"minecraft:poppy":1,"minecraft:white_stained_glass_pane":26,"minecraft:dead_bush":47,"minecraft:lapis_ore":8,"minecraft:light_gray_wool":1,"minecraft:tnt":29,"minecraft:grass":62,"minecraft:coal_ore":36,"minecraft:sunflower":4,"minecraft:gravel":95,"minecraft:sand":1,"minecraft:dirt":1274,"minecraft:gold_ore":10,"minecraft:piston":18},"minecraft:used":{"minecraft:oak_fence":33,"minecraft:oak_trapdoor":28,"minecraft:iron_bars":123,"minecraft:stone_sword":34,"minecraft:trident":189,"minecraft:trader_llama_spawn_egg":1,"minecraft:flint_and_steel":92,"minecraft:dispenser":17,"minecraft:oak_sign":19,"minecraft:black_carpet":67,"minecraft:chest":1,"minecraft:white_terracotta":42,"minecraft:ender_chest":7,"minecraft:stone":168,"minecraft:quartz_stairs":44,"minecraft:player_head":4,"minecraft:rotten_flesh":4,"minecraft:netherrack":10,"minecraft:torch":15,"minecraft:dirt":281,"minecraft:soul_sand":9,"minecraft:anvil":6,"minecraft:white_carpet":7,"minecraft:hopper":3,"minecraft:cobblestone_wall":278,"minecraft:carrot":2,"minecraft:orange_wool":2,"minecraft:spruce_fence":24,"minecraft:oak_fence_gate":3,"minecraft:obsidian":15,"minecraft:milk_bucket":9,"minecraft:glass":15,"minecraft:ravager_spawn_egg":9,"minecraft:lava_bucket":22,"minecraft:light_weighted_pressure_plate":3,"minecraft:quartz_pillar":3,"minecraft:quartz_slab":65,"minecraft:grass_block":205,"minecraft:red_wool":181,"minecraft:lantern":2,"minecraft:quartz_block":1102,"minecraft:smooth_quartz":45,"minecraft:stone_brick_stairs":23,"minecraft:stone_bricks":2234,"minecraft:item_frame":66,"minecraft:bamboo":17,"minecraft:light_gray_wool":4,"minecraft:golden_sword":18,"minecraft:red_carpet":5,"minecraft:redstone_lamp":19,"minecraft:bow":625,"minecraft:hay_block":60,"minecraft:sweet_berries":4,"minecraft:iron_trapdoor":35,"minecraft:white_stained_glass_pane":246,"minecraft:egg":49,"minecraft:skeleton_skull":6,"minecraft:cooked_beef":4,"minecraft:enchanted_golden_apple":5,"minecraft:water_bucket":9,"minecraft:ink_sac":288,"minecraft:diorite":1,"minecraft:birch_planks":29,"minecraft:glass_bottle":3,"minecraft:infested_stone":1,"minecraft:oak_planks":229,"minecraft:ender_pearl":59,"minecraft:wooden_pickaxe":49,"minecraft:diamond_axe":90,"minecraft:horse_spawn_egg":7,"minecraft:white_wool":357,"minecraft:mossy_cobblestone":28,"minecraft:sand":89,"minecraft:tnt":105,"minecraft:crafting_table":2,"minecraft:yellow_concrete":34,"minecraft:white_bed":46,"minecraft:crossbow":40,"minecraft:gray_concrete":180,"minecraft:lingering_potion":401,"minecraft:shears":1,"minecraft:dark_oak_door":2,"minecraft:birch_fence":14,"minecraft:creeper_spawn_egg":7,"minecraft:piston":43,"minecraft:lever":75,"minecraft:diamond_pickaxe":1255,"minecraft:firework_rocket":59,"minecraft:birch_fence_gate":5,"minecraft:command_block":15,"minecraft:heavy_weighted_pressure_plate":102,"minecraft:stone_button":22,"minecraft:brown_wool":2,"minecraft:iron_door":5,"minecraft:diamond_ore":1,"minecraft:gravel":3,"minecraft:diamond_sword":637,"minecraft:blue_carpet":6,"minecraft:coal_block":28,"minecraft:fire_charge":3,"minecraft:wooden_sword":133,"minecraft:potion":11,"minecraft:cooked_porkchop":43,"minecraft:bucket":4,"minecraft:birch_log":14,"minecraft:smooth_stone_slab":10,"minecraft:glass_pane":1,"minecraft:oak_boat":8,"minecraft:white_concrete":504,"minecraft:splash_potion":478},"minecraft:broken":{"minecraft:leather_chestplate":1,"minecraft:shield":1,"minecraft:wooden_sword":2,"minecraft:leather_boots":1},"minecraft:killed":{"minecraft:witch":5,"minecraft:spider":3,"minecraft:horse":35,"minecraft:chicken":10,"minecraft:wolf":2,"minecraft:pig":1,"minecraft:creeper":5,"minecraft:squid":11,"minecraft:trader_llama":2,"minecraft:zombie":376},"minecraft:picked_up":{"minecraft:iron_chestplate":1,"minecraft:black_carpet":8,"minecraft:chicken":3,"minecraft:chainmail_boots":2,"minecraft:splash_potion":1,"minecraft:ender_chest":1,"minecraft:iron_trapdoor":2,"minecraft:light_gray_shulker_box":3,"minecraft:turtle_helmet":1,"minecraft:diamond_sword":1,"minecraft:potion":2,"minecraft:golden_sword":1,"minecraft:string":2,"minecraft:wooden_sword":1,"minecraft:smooth_stone_slab":1,"minecraft:item_frame":4,"minecraft:white_carpet":5,"minecraft:oak_sign":1,"minecraft:light_weighted_pressure_plate":3,"minecraft:oak_boat":1,"minecraft:player_head":1,"minecraft:poppy":5,"minecraft:light_gray_wool":1,"minecraft:quartz_stairs":1,"minecraft:sugar_cane":6,"minecraft:piston":23,"minecraft:egg":6,"minecraft:dark_oak_door":2,"minecraft:tipped_arrow":41,"minecraft:stick":2,"minecraft:stone":146,"minecraft:oak_door":1,"minecraft:torch":2,"minecraft:porkchop":4,"minecraft:stone_button":9,"minecraft:trident":3,"minecraft:carrot":6,"minecraft:redstone":10,"minecraft:blue_carpet":1,"minecraft:tnt":28,"minecraft:quartz_block":136,"minecraft:arrow":57,"minecraft:rotten_flesh":365,"minecraft:diamond_chestplate":1,"minecraft:diamond_boots":1,"minecraft:totem_of_undying":1,"minecraft:white_terracotta":2,"minecraft:iron_bars":1,"minecraft:white_wool":62,"minecraft:cobblestone":871,"minecraft:feather":3,"minecraft:cooked_beef":1,"minecraft:iron_door":3,"minecraft:andesite":15,"minecraft:brown_wool":3,"minecraft:leather":21,"minecraft:potato":2,"minecraft:flint":7,"minecraft:chainmail_chestplate":3,"minecraft:cobblestone_wall":1,"minecraft:gunpowder":8,"minecraft:dirt":1424,"minecraft:lantern":1,"minecraft:stone_bricks":3,"minecraft:bow":3,"minecraft:wheat_seeds":65,"minecraft:iron_ingot":4,"minecraft:cobweb":1,"minecraft:iron_ore":19,"minecraft:glowstone_dust":8,"minecraft:bamboo":7,"minecraft:oak_planks":4,"minecraft:white_stained_glass_pane":26,"minecraft:milk_bucket":1,"minecraft:pumpkin":2,"minecraft:dandelion":11,"minecraft:gravel":88,"minecraft:sand":89,"minecraft:ink_sac":63,"minecraft:gold_ore":11,"minecraft:spider_eye":3,"minecraft:leather_helmet":1,"minecraft:dispenser":1,"minecraft:sugar":1,"minecraft:lever":23,"minecraft:crossbow":1,"minecraft:diamond_axe":2,"minecraft:painting":1,"minecraft:white_concrete":3,"minecraft:oak_sapling":128,"minecraft:coal":35,"minecraft:oak_leaves":1},"minecraft:dropped":{"minecraft:golden_boots":1,"minecraft:gold_ore":1,"minecraft:iron_ingot":1,"minecraft:soul_sand":1,"minecraft:porkchop":130,"minecraft:wheat_seeds":56,"minecraft:diamond_axe":1,"minecraft:cooked_beef":32,"minecraft:cooked_porkchop":174,"minecraft:diamond_leggings":1,"minecraft:crossbow":1,"minecraft:leather":7,"minecraft:command_block":1,"minecraft:grass_block":20,"minecraft:stick":6,"minecraft:light_weighted_pressure_plate":2,"minecraft:cobweb":1,"minecraft:dirt":112,"minecraft:milk_bucket":2,"minecraft:iron_trapdoor":2,"minecraft:stone_button":3,"minecraft:ink_sac":13,"minecraft:dispenser":1,"minecraft:torch":1,"minecraft:white_concrete":3,"minecraft:light_gray_shulker_box":3,"minecraft:potion":1,"minecraft:dead_bush":16,"minecraft:pumpkin":1,"minecraft:sunflower":1,"minecraft:sand":89,"minecraft:white_wool":71,"minecraft:dandelion":5,"minecraft:oak_door":1,"minecraft:gravel":2,"minecraft:sugar_cane":6,"minecraft:lever":1,"minecraft:golden_chestplate":1,"minecraft:ender_chest":1,"minecraft:cobblestone_wall":2,"minecraft:smooth_stone_slab":2,"minecraft:obsidian":1,"minecraft:chicken":1,"minecraft:white_carpet":3,"minecraft:rotten_flesh":77,"minecraft:light_gray_wool":1,"minecraft:oak_planks":1,"minecraft:white_terracotta":2,"minecraft:diamond_ore":1,"minecraft:carrot":3,"minecraft:flint_and_steel":3,"minecraft:chainmail_chestplate":1,"minecraft:diamond_sword":3,"minecraft:poppy":1,"minecraft:tipped_arrow":110,"minecraft:stone":4,"minecraft:trident":3,"minecraft:gunpowder":4,"minecraft:diamond_chestplate":1,"minecraft:heavy_weighted_pressure_plate":1,"minecraft:skeleton_skull":1,"minecraft:iron_chestplate":2,"minecraft:quartz_block":4313,"minecraft:lingering_potion":1,"minecraft:quartz_stairs":1,"minecraft:oak_boat":1,"minecraft:oak_sapling":128,"minecraft:chainmail_boots":1,"minecraft:stone_bricks":8,"minecraft:painting":1,"minecraft:diamond_boots":1,"minecraft:iron_bars":1,"minecraft:arrow":2,"minecraft:bow":3,"minecraft:stone_brick_stairs":1,"minecraft:oak_leaves":6,"minecraft:splash_potion":2,"minecraft:netherrack":1,"minecraft:egg":2,"minecraft:firework_rocket":32}},"DataVersion":1963}