{"stats":{"minecraft:crafted":{"minecraft:leather_chestplate":1},"minecraft:killed_by":{"minecraft:creeper":2,"minecraft:zombie":8,"minecraft:player":11},"minecraft:custom":{"minecraft:animals_bred":4,"minecraft:interact_with_crafting_table":2,"minecraft:open_shulker_box":13,"minecraft:bell_ring":35,"minecraft:leave_game":70,"minecraft:time_since_death":19665,"minecraft:damage_resisted":364,"minecraft:sprint_one_cm":4371550,"minecraft:damage_blocked_by_shield":1140,"minecraft:drop":883,"minecraft:deaths":40,"minecraft:jump":25551,"minecraft:interact_with_brewingstand":3,"minecraft:walk_on_water_one_cm":292737,"minecraft:interact_with_furnace":3,"minecraft:play_one_minute":2997375,"minecraft:sleep_in_bed":16,"minecraft:open_enderchest":1,"minecraft:damage_dealt":33970,"minecraft:player_kills":8,"minecraft:crouch_one_cm":268447,"minecraft:inspect_dispenser":63,"minecraft:horse_one_cm":197529,"minecraft:mob_kills":364,"minecraft:inspect_hopper":21,"minecraft:fill_cauldron":1,"minecraft:climb_one_cm":31255,"minecraft:walk_one_cm":5815027,"minecraft:sneak_time":114923,"minecraft:walk_under_water_one_cm":477263,"minecraft:boat_one_cm":10752,"minecraft:pot_flower":1,"minecraft:time_since_rest":19753,"minecraft:damage_taken":18461,"minecraft:damage_absorbed":241,"minecraft:minecart_one_cm":5102,"minecraft:swim_one_cm":490960,"minecraft:fly_one_cm":12287137,"minecraft:open_chest":178,"minecraft:pig_one_cm":18140,"minecraft:aviate_one_cm":240824,"minecraft:fall_one_cm":84563},"minecraft:mined":{"minecraft:stone_pressure_plate":2,"minecraft:orange_wool":1,"minecraft:acacia_log":8,"minecraft:brown_wool":6,"minecraft:sticky_piston":3,"minecraft:pumpkin":3,"minecraft:white_stained_glass_pane":3,"minecraft:dead_bush":1,"minecraft:cyan_wool":1,"minecraft:light_gray_wool":4,"minecraft:wither_rose":5,"minecraft:grass":3,"minecraft:dirt":1,"minecraft:dispenser":2,"minecraft:piston":25,"minecraft:lever":7,"minecraft:hay_block":9,"minecraft:black_stained_glass_pane":21,"minecraft:acacia_wood":14,"minecraft:light_gray_shulker_box":1,"minecraft:white_wool":21,"minecraft:red_wool":3,"minecraft:infested_stone_bricks":3,"minecraft:dandelion":1,"minecraft:campfire":1,"minecraft:gray_wool":3},"minecraft:used":{"minecraft:smooth_quartz_slab":17,"minecraft:dispenser":20,"minecraft:ladder":20,"minecraft:oak_sign":195,"minecraft:black_carpet":3,"minecraft:white_concrete_powder":2,"minecraft:chest":22,"minecraft:white_terracotta":630,"minecraft:stone":1621,"minecraft:zombie_spawn_egg":17,"minecraft:bell":8,"minecraft:quartz_stairs":421,"minecraft:prismarine_brick_stairs":339,"minecraft:carrot":2,"minecraft:cyan_wool":12,"minecraft:snowball":110,"minecraft:milk_bucket":6,"minecraft:obsidian":1,"minecraft:glass":16,"minecraft:coal_ore":5,"minecraft:quartz_pillar":300,"minecraft:quartz_slab":120,"minecraft:red_wool":439,"minecraft:black_stained_glass_pane":25,"minecraft:grass_block":169,"minecraft:quartz_block":5695,"minecraft:green_wool":1,"minecraft:dark_oak_slab":11,"minecraft:stone_brick_stairs":193,"minecraft:stone_bricks":1821,"minecraft:item_frame":105,"minecraft:bedrock":128,"minecraft:birch_trapdoor":13,"minecraft:repeater":1,"minecraft:snow":89,"minecraft:red_carpet":4,"minecraft:redstone_lamp":35,"minecraft:bow":1101,"minecraft:magma_block":6,"minecraft:hay_block":10,"minecraft:sweet_berries":14,"minecraft:furnace":10,"minecraft:gold_block":38,"minecraft:skeleton_skull":11,"minecraft:egg":164,"minecraft:green_stained_glass_pane":3,"minecraft:dark_prismarine_stairs":144,"minecraft:dark_oak_stairs":59,"minecraft:diorite":160,"minecraft:end_rod":3,"minecraft:spruce_door":6,"minecraft:gray_carpet":40,"minecraft:chorus_fruit":11,"minecraft:prismarine":116,"minecraft:prismarine_stairs":84,"minecraft:oak_planks":237,"minecraft:ender_pearl":42,"minecraft:wooden_pickaxe":9,"minecraft:fox_spawn_egg":14,"minecraft:sandstone":213,"minecraft:redstone_block":2,"minecraft:diamond_axe":19,"minecraft:oak_leaves":43,"minecraft:white_wool":438,"minecraft:golden_apple":1,"minecraft:sand":14,"minecraft:black_banner":6,"minecraft:yellow_concrete":110,"minecraft:crossbow":5,"minecraft:sponge":6,"minecraft:gray_concrete":700,"minecraft:lingering_potion":57,"minecraft:skeleton_horse_spawn_egg":1,"minecraft:shears":8,"minecraft:birch_fence":18,"minecraft:creeper_spawn_egg":15,"minecraft:redstone_torch":30,"minecraft:sticky_piston":24,"minecraft:lever":76,"minecraft:black_concrete":13,"minecraft:firework_rocket":11,"minecraft:birch_fence_gate":39,"minecraft:birch_slab":9,"minecraft:heavy_weighted_pressure_plate":1,"minecraft:light_gray_concrete":4,"minecraft:cyan_carpet":14,"minecraft:stone_button":50,"minecraft:string":10,"minecraft:brown_wool":7,"minecraft:red_terracotta":29,"minecraft:gravel":60,"minecraft:iron_door":3,"minecraft:diamond_sword":253,"minecraft:coal_block":52,"minecraft:wooden_sword":19,"minecraft:andesite":1,"minecraft:birch_log":310,"minecraft:smooth_stone_slab":806,"minecraft:white_concrete":238,"minecraft:purple_wool":11,"minecraft:cobweb":5,"minecraft:oak_fence":98,"minecraft:oak_trapdoor":143,"minecraft:iron_bars":502,"minecraft:trident":20,"minecraft:jungle_leaves":8,"minecraft:rose_bush":2,"minecraft:stone_sword":31,"minecraft:acacia_log":18,"minecraft:orange_concrete":9,"minecraft:flint_and_steel":13,"minecraft:carved_pumpkin":1,"minecraft:armor_stand":16,"minecraft:redstone":89,"minecraft:spruce_planks":5,"minecraft:ender_chest":2,"minecraft:netherrack":8,"minecraft:torch":13,"minecraft:light_gray_shulker_box":11,"minecraft:brewing_stand":2,"minecraft:dirt":157,"minecraft:anvil":33,"minecraft:white_carpet":215,"minecraft:hopper":3,"minecraft:prismarine_bricks":504,"minecraft:spruce_stairs":66,"minecraft:cobblestone_wall":37,"minecraft:stone_stairs":8,"minecraft:spruce_fence":47,"minecraft:birch_door":12,"minecraft:stone_brick_slab":115,"minecraft:sea_lantern":55,"minecraft:chipped_anvil":1,"minecraft:bookshelf":10,"minecraft:iron_block":52,"minecraft:oak_stairs":13,"minecraft:smooth_quartz":258,"minecraft:prismarine_slab":275,"minecraft:light_gray_wool":36,"minecraft:tripwire_hook":2,"minecraft:glowstone":84,"minecraft:golden_carrot":14,"minecraft:iron_trapdoor":68,"minecraft:wolf_spawn_egg":1,"minecraft:white_stained_glass_pane":59,"minecraft:minecart":1,"minecraft:acacia_wood":30,"minecraft:stone_pressure_plate":19,"minecraft:cooked_beef":5,"minecraft:enchanted_golden_apple":2,"minecraft:turtle_egg":4,"minecraft:pumpkin":6,"minecraft:turtle_spawn_egg":2,"minecraft:water_bucket":121,"minecraft:prismarine_brick_slab":282,"minecraft:birch_planks":507,"minecraft:blue_wool":74,"minecraft:cut_sandstone":37,"minecraft:cauldron":3,"minecraft:spruce_fence_gate":10,"minecraft:gold_ore":14,"minecraft:mossy_cobblestone":411,"minecraft:orange_carpet":3,"minecraft:rail":5,"minecraft:tnt":8,"minecraft:crafting_table":1,"minecraft:dark_prismarine_slab":152,"minecraft:oak_slab":96,"minecraft:phantom_spawn_egg":1,"minecraft:white_bed":18,"minecraft:campfire":2,"minecraft:painting":94,"minecraft:infested_stone_bricks":19,"minecraft:spruce_log":13,"minecraft:dark_oak_door":6,"minecraft:oak_log":34,"minecraft:piston":34,"minecraft:dark_prismarine":72,"minecraft:flower_pot":4,"minecraft:acacia_stairs":4,"minecraft:black_wool":4,"minecraft:command_block":27,"minecraft:pig_spawn_egg":3,"minecraft:jungle_stairs":3,"minecraft:stone_slab":50,"minecraft:spruce_trapdoor":12,"minecraft:stone_axe":7,"minecraft:blue_carpet":2,"minecraft:cobblestone":15,"minecraft:potion":18,"minecraft:end_crystal":1,"minecraft:cooked_porkchop":6,"minecraft:jungle_door":2,"minecraft:lapis_block":62,"minecraft:glass_pane":78,"minecraft:wither_rose":7,"minecraft:dandelion":1,"minecraft:gray_wool":201,"minecraft:splash_potion":140,"minecraft:pillager_spawn_egg":16,"minecraft:birch_stairs":187},"minecraft:killed":{"minecraft:witch":1,"minecraft:spider":3,"minecraft:skeleton":1,"minecraft:fox":4,"minecraft:chicken":12,"minecraft:silverfish":3,"minecraft:turtle":2,"minecraft:skeleton_horse":4,"minecraft:wolf":2,"minecraft:pig":3,"minecraft:creeper":8,"minecraft:zombie":299,"minecraft:horse":16,"minecraft:drowned":1,"minecraft:squid":2},"minecraft:picked_up":{"minecraft:prismarine_stairs":10,"minecraft:seagrass":2,"minecraft:iron_chestplate":2,"minecraft:chainmail_boots":2,"minecraft:light_gray_shulker_box":8,"minecraft:flower_pot":1,"minecraft:lead":3,"minecraft:diamond_sword":1,"minecraft:turtle_egg":1,"minecraft:wither_rose":5,"minecraft:potion":7,"minecraft:brewing_stand":2,"minecraft:lapis_block":1,"minecraft:string":3,"minecraft:smooth_stone_slab":1,"minecraft:sticky_piston":3,"minecraft:oak_sign":10,"minecraft:bucket":5,"minecraft:light_weighted_pressure_plate":1,"minecraft:redstone_torch":3,"minecraft:rose_bush":1,"minecraft:enchanted_golden_apple":1,"minecraft:iron_boots":1,"minecraft:tipped_arrow":73,"minecraft:stick":4,"minecraft:oak_fence":1,"minecraft:acacia_log":8,"minecraft:porkchop":132,"minecraft:diorite":3,"minecraft:golden_chestplate":1,"minecraft:quartz_block":4176,"minecraft:stone_sword":3,"minecraft:rotten_flesh":368,"minecraft:iron_block":1,"minecraft:glowstone":1,"minecraft:white_terracotta":1,"minecraft:cobblestone":79,"minecraft:birch_log":1,"minecraft:leather_chestplate":1,"minecraft:feather":1,"minecraft:cooked_beef":64,"minecraft:water_bucket":1,"minecraft:andesite":2,"minecraft:skeleton_horse_spawn_egg":1,"minecraft:brown_wool":6,"minecraft:potato":1,"minecraft:flint":1,"minecraft:dirt":168,"minecraft:leather_boots":1,"minecraft:bone":3,"minecraft:bow":9,"minecraft:wheat_seeds":33,"minecraft:bell":1,"minecraft:bamboo":34,"minecraft:oak_planks":1,"minecraft:cooked_porkchop":70,"minecraft:black_stained_glass_pane":1,"minecraft:sand":1,"minecraft:ink_sac":2,"minecraft:spectral_arrow":1,"minecraft:orange_wool":1,"minecraft:dispenser":3,"minecraft:lever":29,"minecraft:granite":20,"minecraft:golden_apple":62,"minecraft:white_concrete":28,"minecraft:chainmail_helmet":1,"minecraft:oak_sapling":64,"minecraft:netherrack":1,"minecraft:charcoal":2,"minecraft:azure_bluet":1,"minecraft:splash_potion":1,"minecraft:chicken":1,"minecraft:ladder":1,"minecraft:redstone_lamp":1,"minecraft:turtle_helmet":3,"minecraft:leather_leggings":1,"minecraft:heavy_weighted_pressure_plate":1,"minecraft:oak_trapdoor":3,"minecraft:wooden_sword":1,"minecraft:item_frame":17,"minecraft:quartz_slab":1,"minecraft:white_carpet":26,"minecraft:glass_pane":2,"minecraft:cyan_wool":1,"minecraft:light_gray_wool":4,"minecraft:piston":27,"minecraft:egg":15,"minecraft:stone":5,"minecraft:stone_button":15,"minecraft:trident":2,"minecraft:carrot":3,"minecraft:redstone":4,"minecraft:stone_pressure_plate":2,"minecraft:arrow":76,"minecraft:diamond_chestplate":4,"minecraft:shears":1,"minecraft:diamond_boots":3,"minecraft:hay_block":9,"minecraft:saddle":2,"minecraft:black_banner":2,"minecraft:white_wool":22,"minecraft:oxeye_daisy":7,"minecraft:prismarine_slab":1,"minecraft:leather":15,"minecraft:acacia_wood":14,"minecraft:chainmail_chestplate":5,"minecraft:golden_boots":1,"minecraft:cobblestone_wall":1,"minecraft:gunpowder":7,"minecraft:stone_bricks":4,"minecraft:creeper_spawn_egg":59,"minecraft:iron_ingot":3,"minecraft:cobweb":1,"minecraft:iron_ore":2,"minecraft:glass_bottle":3,"minecraft:white_stained_glass_pane":4,"minecraft:milk_bucket":3,"minecraft:pumpkin":7,"minecraft:red_wool":3,"minecraft:dandelion":8,"minecraft:gravel":4,"minecraft:white_bed":1,"minecraft:spider_eye":2,"minecraft:leather_helmet":1,"minecraft:firework_rocket":49,"minecraft:diamond_axe":1,"minecraft:painting":3,"minecraft:gray_wool":3,"minecraft:coal":3,"minecraft:ender_pearl":1},"minecraft:dropped":{"minecraft:iron_sword":1,"minecraft:piston":8,"minecraft:dark_oak_stairs":1,"minecraft:porkchop":65,"minecraft:diamond_axe":2,"minecraft:cooked_beef":123,"minecraft:ender_pearl":3,"minecraft:glass_bottle":7,"minecraft:cooked_porkchop":129,"minecraft:crossbow":1,"minecraft:leather":13,"minecraft:red_wool":3,"minecraft:saddle":2,"minecraft:black_banner":2,"minecraft:elytra":1,"minecraft:carrot_on_a_stick":1,"minecraft:rail":2,"minecraft:leather_helmet":2,"minecraft:item_frame":5,"minecraft:dirt":84,"minecraft:redstone_lamp":3,"minecraft:gray_concrete":5,"minecraft:stone_button":16,"minecraft:dispenser":6,"minecraft:snowball":1,"minecraft:prismarine_brick_slab":1,"minecraft:white_stained_glass_pane":3,"minecraft:wooden_sword":4,"minecraft:sand":3,"minecraft:purple_wool":1,"minecraft:dark_oak_planks":1,"minecraft:birch_log":3,"minecraft:white_wool":21,"minecraft:birch_stairs":1,"minecraft:bone":64,"minecraft:green_wool":1,"minecraft:gravel":1,"minecraft:lever":20,"minecraft:golden_chestplate":5,"minecraft:pig_spawn_egg":1,"minecraft:wheat":1,"minecraft:obsidian":1,"minecraft:blue_wool":1,"minecraft:rotten_flesh":209,"minecraft:oak_planks":6,"minecraft:stone_stairs":1,"minecraft:azure_bluet":1,"minecraft:white_bed":1,"minecraft:carrot":1,"minecraft:infested_stone_bricks":1,"minecraft:chainmail_chestplate":18,"minecraft:leather_chestplate":4,"minecraft:sea_lantern":1,"minecraft:tipped_arrow":239,"minecraft:turtle_helmet":2,"minecraft:trident":5,"minecraft:birch_trapdoor":1,"minecraft:heavy_weighted_pressure_plate":1,"minecraft:skeleton_skull":1,"minecraft:jungle_stairs":1,"minecraft:quartz_block":9,"minecraft:glowstone":4,"minecraft:leather_boots":3,"minecraft:chainmail_boots":14,"minecraft:ladder":1,"minecraft:chest":4,"minecraft:leather_leggings":2,"minecraft:painting":2,"minecraft:iron_bars":5,"minecraft:arrow":397,"minecraft:glass":1,"minecraft:prismarine_bricks":1,"minecraft:stone_brick_stairs":2,"minecraft:oak_leaves":1,"minecraft:splash_potion":8,"minecraft:netherrack":2,"minecraft:egg":17,"minecraft:water_bucket":4,"minecraft:golden_boots":5,"minecraft:wheat_seeds":26,"minecraft:tnt":1,"minecraft:minecart":1,"minecraft:yellow_concrete":4,"minecraft:creeper_spawn_egg":3,"minecraft:lead":4,"minecraft:cobblestone":3,"minecraft:oak_fence":3,"minecraft:feather":2,"minecraft:dark_prismarine_slab":1,"minecraft:spectral_arrow":33,"minecraft:command_block":5,"minecraft:spruce_door":1,"minecraft:skeleton_horse_spawn_egg":2,"minecraft:chainmail_helmet":3,"minecraft:grass_block":14,"minecraft:golden_apple":124,"minecraft:coal_block":2,"minecraft:stick":3,"minecraft:spruce_fence_gate":1,"minecraft:turtle_egg":1,"minecraft:oxeye_daisy":4,"minecraft:cobweb":7,"minecraft:iron_block":2,"minecraft:gray_wool":2,"minecraft:brewing_stand":4,"minecraft:milk_bucket":6,"minecraft:diorite":1,"minecraft:iron_trapdoor":1,"minecraft:golden_carrot":64,"minecraft:ink_sac":3,"minecraft:torch":1,"minecraft:repeater":1,"minecraft:rose_bush":1,"minecraft:light_gray_shulker_box":9,"minecraft:white_concrete":32,"minecraft:brown_wool":1,"minecraft:zombie_head":1,"minecraft:potion":18,"minecraft:pumpkin":16,"minecraft:wither_rose":2,"minecraft:prismarine_slab":2,"minecraft:blue_carpet":1,"minecraft:lapis_block":2,"minecraft:dandelion":1,"minecraft:redstone":3,"minecraft:anvil":4,"minecraft:zombie_spawn_egg":2,"minecraft:sweet_berries":1,"minecraft:oak_trapdoor":7,"minecraft:dark_prismarine_stairs":1,"minecraft:ender_chest":1,"minecraft:stone_sword":5,"minecraft:cobblestone_wall":5,"minecraft:smooth_stone_slab":8,"minecraft:chicken":1,"minecraft:white_carpet":10,"minecraft:light_gray_wool":7,"minecraft:iron_boots":4,"minecraft:name_tag":2,"minecraft:phantom_spawn_egg":1,"minecraft:white_terracotta":2,"minecraft:orange_wool":1,"minecraft:spruce_fence":1,"minecraft:totem_of_undying":1,"minecraft:oak_sign":27,"minecraft:shears":2,"minecraft:glass_pane":5,"minecraft:red_terracotta":1,"minecraft:prismarine_stairs":10,"minecraft:flint_and_steel":3,"minecraft:diamond_sword":6,"minecraft:snow":1,"minecraft:stone":14,"minecraft:shield":4,"minecraft:flower_pot":1,"minecraft:diamond_chestplate":13,"minecraft:spruce_trapdoor":1,"minecraft:iron_chestplate":12,"minecraft:andesite":1,"minecraft:fox_spawn_egg":1,"minecraft:quartz_stairs":5,"minecraft:oak_sapling":192,"minecraft:redstone_torch":3,"minecraft:stone_bricks":12,"minecraft:diamond_boots":6,"minecraft:spruce_log":1,"minecraft:sandstone":1,"minecraft:bow":30,"minecraft:blue_orchid":1,"minecraft:wooden_pickaxe":2,"minecraft:bell":1,"minecraft:black_wool":1,"minecraft:quartz_slab":4}},"DataVersion":1963}