{"stats":{"minecraft:used":{"minecraft:stone_sword":149,"minecraft:oak_planks":100,"minecraft:white_terracotta":13,"minecraft:stone":84,"minecraft:white_wool":14,"minecraft:shears":8,"minecraft:dark_oak_door":1,"minecraft:milk_bucket":9,"minecraft:piston":4,"minecraft:lever":6,"minecraft:red_wool":3,"minecraft:stone_button":3,"minecraft:quartz_block":1451,"minecraft:sign":3,"minecraft:stone_slab":287,"minecraft:stone_bricks":3,"minecraft:prismarine_slab":1,"minecraft:item_frame":55,"minecraft:coal_block":3,"minecraft:light_gray_wool":1,"minecraft:wooden_sword":109,"minecraft:diamond_sword":223,"minecraft:redstone_lamp":6,"minecraft:potion":10,"minecraft:bow":210,"minecraft:cooked_porkchop":23,"minecraft:skeleton_skull":1,"minecraft:white_concrete":1},"minecraft:mined":{"minecraft:brown_wool":1,"minecraft:dead_bush":11,"minecraft:light_gray_wool":1,"minecraft:sunflower":4,"minecraft:white_wool":6,"minecraft:piston":5,"minecraft:oak_leaves":3},"minecraft:dropped":{"minecraft:iron_ingot":1,"minecraft:piston":5,"minecraft:lever":5,"minecraft:diamond_axe":1,"minecraft:player_head":1,"minecraft:ender_chest":1,"minecraft:stone_sword":2,"minecraft:cooked_porkchop":2,"minecraft:rotten_flesh":17,"minecraft:oak_planks":1,"minecraft:leather_helmet":1,"minecraft:stick":2,"minecraft:diamond_sword":2,"minecraft:dirt":27,"minecraft:tipped_arrow":6,"minecraft:dispenser":1,"minecraft:quartz_block":2,"minecraft:oak_sapling":128,"minecraft:potion":2,"minecraft:wooden_sword":2,"minecraft:arrow":55,"minecraft:bow":4,"minecraft:white_wool":1},"minecraft:killed":{"minecraft:wolf":1,"minecraft:witch":1,"minecraft:horse":1,"minecraft:zombie":79},"minecraft:killed_by":{"minecraft:player":4,"minecraft:zombie":7},"minecraft:picked_up":{"minecraft:splash_potion":1,"minecraft:ender_chest":1,"minecraft:diamond_sword":3,"minecraft:stone_slab":1,"minecraft:lead":1,"minecraft:potion":1,"minecraft:dirt":27,"minecraft:wooden_sword":1,"minecraft:sign":1,"minecraft:bow":5,"minecraft:wheat_seeds":13,"minecraft:diamond_leggings":2,"minecraft:iron_ingot":2,"minecraft:diamond_helmet":2,"minecraft:light_gray_wool":1,"minecraft:piston":5,"minecraft:egg":1,"minecraft:dark_oak_door":1,"minecraft:tipped_arrow":2,"minecraft:stick":3,"minecraft:milk_bucket":1,"minecraft:cooked_porkchop":98,"minecraft:dandelion":9,"minecraft:stone_button":5,"minecraft:carrot":1,"minecraft:quartz_block":3,"minecraft:stone_sword":2,"minecraft:dispenser":1,"minecraft:rotten_flesh":54,"minecraft:diamond_chestplate":2,"minecraft:lever":1,"minecraft:diamond_boots":2,"minecraft:oak_sapling":128,"minecraft:white_wool":3},"minecraft:custom":{"minecraft:interact_with_furnace":1,"minecraft:mob_kills":92,"minecraft:play_one_minute":535860,"minecraft:open_shulker_box":10,"minecraft:leave_game":17,"minecraft:time_since_death":37141,"minecraft:sleep_in_bed":6,"minecraft:climb_one_cm":2848,"minecraft:time_since_rest":37194,"minecraft:sprint_one_cm":375014,"minecraft:damage_taken":344246,"minecraft:walk_one_cm":1597495,"minecraft:drop":118,"minecraft:damage_dealt":53886,"minecraft:swim_one_cm":62778,"minecraft:talked_to_villager":2,"minecraft:fly_one_cm":2234628,"minecraft:player_kills":5,"minecraft:open_chest":10,"minecraft:crouch_one_cm":60122,"minecraft:deaths":29,"minecraft:sneak_time":12929,"minecraft:walk_under_water_one_cm":108251,"minecraft:aviate_one_cm":57335,"minecraft:jump":2972,"minecraft:walk_on_water_one_cm":74314,"minecraft:fall_one_cm":37859}},"DataVersion":1631}