{"stats":{"minecraft:killed_by":{"minecraft:creeper":1,"minecraft:zombie":4,"minecraft:player":4},"minecraft:killed":{"minecraft:zombie":60,"minecraft:zombie_villager":1,"minecraft:creeper":1},"minecraft:picked_up":{"minecraft:rotten_flesh":46,"minecraft:bow":1,"minecraft:spruce_planks":1,"minecraft:leather_helmet":1},"minecraft:dropped":{"minecraft:bow":1,"minecraft:leather_helmet":2},"minecraft:custom":{"minecraft:time_since_rest":1792,"minecraft:open_chest":21,"minecraft:play_one_minute":42402,"minecraft:crouch_one_cm":4080,"minecraft:sprint_one_cm":59808,"minecraft:deaths":11,"minecraft:damage_taken":3979,"minecraft:walk_one_cm":152473,"minecraft:sneak_time":2824,"minecraft:walk_under_water_one_cm":99,"minecraft:mob_kills":63,"minecraft:drop":3,"minecraft:jump":432,"minecraft:damage_dealt":4657,"minecraft:leave_game":1,"minecraft:time_since_death":1626,"minecraft:walk_on_water_one_cm":284,"minecraft:swim_one_cm":584,"minecraft:fall_one_cm":24283,"minecraft:fly_one_cm":61608,"minecraft:player_kills":5},"minecraft:used":{"minecraft:wooden_sword":4,"minecraft:bow":162,"minecraft:cooked_beef":2,"minecraft:iron_sword":106}},"DataVersion":1631}