{"stats":{"minecraft:used":{"minecraft:oak_fence":34,"minecraft:trident":58,"minecraft:water_bucket":6,"minecraft:flint_and_steel":4,"minecraft:spruce_slab":12,"minecraft:ladder":5,"minecraft:chest":1,"minecraft:stone":2,"minecraft:ender_pearl":6,"minecraft:spruce_planks":2109,"minecraft:ender_chest":5,"minecraft:iron_sword":394,"minecraft:zombie_spawn_egg":24,"minecraft:white_shulker_box":5,"minecraft:spruce_fence_gate":30,"minecraft:oak_door":1,"minecraft:rotten_flesh":3,"minecraft:white_wool":4,"minecraft:golden_apple":15,"minecraft:dirt":4,"minecraft:anvil":22,"minecraft:oak_slab":40,"minecraft:orange_wool":1,"minecraft:carrot":1,"minecraft:shulker_box":3,"minecraft:granite":2,"minecraft:creeper_spawn_egg":2,"minecraft:oak_log":14,"minecraft:diamond_pickaxe":105,"minecraft:firework_rocket":253,"minecraft:villager_spawn_egg":26,"minecraft:command_block":12,"minecraft:grass_block":1,"minecraft:stone_button":9,"minecraft:spawner":32,"minecraft:sign":1,"minecraft:polished_granite":80,"minecraft:wooden_sword":667,"minecraft:glowstone":118,"minecraft:diamond_sword":66,"minecraft:cobblestone":166,"minecraft:bow":199,"minecraft:cooked_beef":22,"minecraft:potato":1,"minecraft:enchanted_golden_apple":8,"minecraft:splash_potion":126,"minecraft:cobweb":1},"minecraft:killed":{"minecraft:zombie_villager":15,"minecraft:spider":1,"minecraft:cod":1,"minecraft:creeper":33,"minecraft:squid":1,"minecraft:phantom":2,"minecraft:skeleton":1,"minecraft:zombie":256,"minecraft:chicken":1,"minecraft:villager":12},"minecraft:killed_by":{"minecraft:player":4,"minecraft:creeper":13,"minecraft:zombie":19},"minecraft:custom":{"minecraft:mob_kills":372,"minecraft:play_one_minute":462919,"minecraft:open_shulker_box":8,"minecraft:leave_game":8,"minecraft:time_since_death":4094,"minecraft:climb_one_cm":479,"minecraft:damage_resisted":1158,"minecraft:time_since_rest":4116,"minecraft:damage_absorbed":1147,"minecraft:sprint_one_cm":753342,"minecraft:open_enderchest":18,"minecraft:damage_taken":14906,"minecraft:walk_one_cm":1094452,"minecraft:damage_blocked_by_shield":2400,"minecraft:drop":25,"minecraft:damage_dealt":56650,"minecraft:player_kills":5,"minecraft:talked_to_villager":9,"minecraft:fly_one_cm":1163010,"minecraft:open_chest":236,"minecraft:crouch_one_cm":303114,"minecraft:deaths":44,"minecraft:sneak_time":67307,"minecraft:walk_under_water_one_cm":5486,"minecraft:aviate_one_cm":648410,"minecraft:jump":2627,"minecraft:walk_on_water_one_cm":18273,"minecraft:fall_one_cm":111723},"minecraft:dropped":{"minecraft:enchanted_book":1,"minecraft:cooked_beef":5,"minecraft:rotten_flesh":93,"minecraft:grass_block":1,"minecraft:carrot":1,"minecraft:golden_apple":1,"minecraft:gunpowder":24,"minecraft:potion":1,"minecraft:wooden_sword":1,"minecraft:arrow":36,"minecraft:splash_potion":3,"minecraft:firework_rocket":1},"minecraft:mined":{"minecraft:oak_slab":3,"minecraft:spruce_planks":2,"minecraft:orange_wool":1,"minecraft:granite":4,"minecraft:grass_block":113,"minecraft:cobblestone":1,"minecraft:diorite":25,"minecraft:glowstone":1,"minecraft:iron_ore":8,"minecraft:andesite":3,"minecraft:grass":37,"minecraft:dirt":82,"minecraft:stone":59},"minecraft:picked_up":{"minecraft:iron_chestplate":1,"minecraft:splash_potion":3,"minecraft:chicken":1,"minecraft:andesite":3,"minecraft:potato":1,"minecraft:potion":2,"minecraft:enchanted_book":1,"minecraft:shield":1,"minecraft:gunpowder":58,"minecraft:dirt":71,"minecraft:wooden_sword":2,"minecraft:iron_leggings":1,"minecraft:sign":1,"minecraft:bone":2,"minecraft:bow":1,"minecraft:wheat_seeds":1,"minecraft:spruce_planks":1,"minecraft:iron_ingot":1,"minecraft:iron_ore":8,"minecraft:phantom_membrane":4,"minecraft:iron_boots":1,"minecraft:oak_slab":4,"minecraft:stone":2,"minecraft:oak_door":1,"minecraft:stone_button":3,"minecraft:diorite":22,"minecraft:carrot":2,"minecraft:grass_block":3,"minecraft:spider_eye":1,"minecraft:shulker_box":3,"minecraft:orange_wool":1,"minecraft:arrow":106,"minecraft:rotten_flesh":382,"minecraft:iron_helmet":1,"minecraft:granite":4,"minecraft:white_shulker_box":4,"minecraft:cobblestone":50},"minecraft:broken":{"minecraft:leather_helmet":2,"minecraft:wooden_sword":1,"minecraft:leather_boots":2,"minecraft:leather_leggings":1,"minecraft:leather_chestplate":1}},"DataVersion":1631}