{"stats":{"minecraft:dropped":{"minecraft:oak_door":48,"minecraft:iron_sword":1,"minecraft:oak_slab":1,"minecraft:wheat_seeds":2,"minecraft:cooked_beef":108,"minecraft:wheat":1,"minecraft:rotten_flesh":61,"minecraft:cobblestone":1,"minecraft:villager_spawn_egg":6,"minecraft:enchanted_golden_apple":1,"minecraft:command_block":1,"minecraft:oak_sign":2,"minecraft:chainmail_helmet":1,"minecraft:golden_apple":61,"minecraft:chainmail_chestplate":1,"minecraft:potato":1,"minecraft:gunpowder":6,"minecraft:stone_button":1,"minecraft:spruce_planks":7,"minecraft:cake":1,"minecraft:glowstone":1,"minecraft:chainmail_boots":1,"minecraft:chest":1,"minecraft:potion":2,"minecraft:oak_stairs":2,"minecraft:wooden_sword":2,"minecraft:spruce_slab":1,"minecraft:golden_hoe":1,"minecraft:arrow":35,"minecraft:bow":2,"minecraft:wooden_pickaxe":2,"minecraft:chainmail_leggings":1,"minecraft:string":1,"minecraft:polished_granite":2,"minecraft:splash_potion":7},"minecraft:mined":{"minecraft:oak_slab":2,"minecraft:spawner":1},"minecraft:custom":{"minecraft:mob_kills":392,"minecraft:play_one_minute":536504,"minecraft:leave_game":10,"minecraft:time_since_death":6144,"minecraft:climb_one_cm":16,"minecraft:time_since_rest":6247,"minecraft:damage_absorbed":39,"minecraft:sprint_one_cm":660264,"minecraft:open_enderchest":1,"minecraft:damage_taken":11671,"minecraft:walk_one_cm":1133350,"minecraft:damage_blocked_by_shield":870,"minecraft:drop":107,"minecraft:damage_dealt":52121,"minecraft:swim_one_cm":6806,"minecraft:talked_to_villager":13,"minecraft:fly_one_cm":1685845,"minecraft:player_kills":1,"minecraft:open_chest":236,"minecraft:crouch_one_cm":29316,"minecraft:deaths":21,"minecraft:sneak_time":18195,"minecraft:walk_under_water_one_cm":1289,"minecraft:jump":5196,"minecraft:walk_on_water_one_cm":5611,"minecraft:fall_one_cm":86129},"minecraft:broken":{"minecraft:leather_helmet":1,"minecraft:wooden_sword":1},"minecraft:killed":{"minecraft:zombie_villager":7,"minecraft:spider":1,"minecraft:creeper":18,"minecraft:zombie":341,"minecraft:villager":2},"minecraft:killed_by":{"minecraft:player":2,"minecraft:creeper":2,"minecraft:zombie":8},"minecraft:picked_up":{"minecraft:wheat":1,"minecraft:cooked_beef":5,"minecraft:splash_potion":1,"minecraft:ladder":4,"minecraft:wooden_pickaxe":1,"minecraft:potato":4,"minecraft:oak_stairs":1,"minecraft:gunpowder":50,"minecraft:string":1,"minecraft:polished_granite":1,"minecraft:wooden_sword":1,"minecraft:wheat_seeds":2,"minecraft:spruce_planks":2,"minecraft:cobweb":9,"minecraft:oak_slab":1,"minecraft:oak_door":7,"minecraft:carrot":2,"minecraft:rotten_flesh":401,"minecraft:golden_apple":1},"minecraft:used":{"minecraft:oak_fence":117,"minecraft:wheat_seeds":5,"minecraft:water_bucket":7,"minecraft:spruce_slab":12,"minecraft:diamond_hoe":4,"minecraft:oak_sign":32,"minecraft:chest":19,"minecraft:spruce_planks":1438,"minecraft:wooden_pickaxe":1,"minecraft:iron_sword":674,"minecraft:zombie_spawn_egg":9,"minecraft:oak_door":22,"minecraft:white_wool":165,"minecraft:golden_apple":1,"minecraft:golden_hoe":1,"minecraft:dirt":3,"minecraft:oak_slab":22,"minecraft:oak_log":60,"minecraft:villager_spawn_egg":45,"minecraft:command_block":2,"minecraft:oak_stairs":159,"minecraft:grass_block":31,"minecraft:stone_button":6,"minecraft:polished_granite":120,"minecraft:brown_carpet":11,"minecraft:wooden_sword":474,"minecraft:glowstone":157,"minecraft:cobblestone":302,"minecraft:potion":6,"minecraft:bow":433,"minecraft:cooked_beef":42,"minecraft:potato":2,"minecraft:coarse_dirt":6,"minecraft:splash_potion":58,"minecraft:cobweb":5}},"DataVersion":1963}