{"stats":{"minecraft:killed_by":{"minecraft:creeper":2,"minecraft:zombie":3,"minecraft:player":4},"minecraft:killed":{"minecraft:zombie":24,"minecraft:creeper":2,"minecraft:skeleton":1},"minecraft:mined":{"minecraft:spruce_planks":1},"minecraft:picked_up":{"minecraft:wooden_sword":1,"minecraft:iron_leggings":1,"minecraft:rotten_flesh":45,"minecraft:iron_ingot":1,"minecraft:gunpowder":4,"minecraft:bone":1,"minecraft:arrow":1},"minecraft:dropped":{"minecraft:iron_leggings":1,"minecraft:wooden_sword":1,"minecraft:arrow":15},"minecraft:custom":{"minecraft:time_since_rest":1372,"minecraft:open_chest":31,"minecraft:play_one_minute":41800,"minecraft:crouch_one_cm":329,"minecraft:sprint_one_cm":41273,"minecraft:walk_one_cm":198096,"minecraft:damage_taken":5506,"minecraft:deaths":11,"minecraft:sneak_time":613,"minecraft:damage_blocked_by_shield":1240,"minecraft:mob_kills":32,"minecraft:drop":3,"minecraft:jump":363,"minecraft:damage_dealt":4540,"minecraft:leave_game":1,"minecraft:time_since_death":1349,"minecraft:fall_one_cm":38947,"minecraft:fly_one_cm":55066,"minecraft:player_kills":3,"minecraft:damage_absorbed":80},"minecraft:used":{"minecraft:golden_apple":2,"minecraft:wooden_sword":171,"minecraft:bow":72}},"DataVersion":1631}